[
	{
		"op": "addmerge",
		"path": "/0/ingredients/3/inputs/-",
		"value": {
			type: "item", code: "butchering:bloodportion", quantity: 10
		},
		"side": "server",
		"file": "expandedfoods:recipes/kneading/wildcraftfruit/doughball.json"
	},
	{
		"op": "addmerge",
		"path": "/1/ingredients/3/inputs/-",
		"value": {
			type: "item", code: "butchering:bloodportion", quantity: 10
		},
		"side": "server",
		"file": "expandedfoods:recipes/kneading/wildcraftfruit/doughball.json"
	},
	{
		"op": "addmerge",
		"path": "/2/ingredients/3/inputs/-",
		"value": {
			type: "item", code: "butchering:bloodportion", quantity: 10
		},
		"side": "server",
		"file": "expandedfoods:recipes/kneading/wildcraftfruit/doughball.json"
	},
	{
		"op": "addmerge",
		"path": "/3/ingredients/3/inputs/-",
		"value": {
			type: "item", code: "butchering:bloodportion", quantity: 10
		},
		"side": "server",
		"file": "expandedfoods:recipes/kneading/wildcraftfruit/doughball.json"
	}
]