[
	{
		"op": "addmerge",
		"path": "/attributes/expandedNutritionProps",
		"value": {
			"butchering:bloodportion": {
				"saturation": 20,
				"foodcategory": "Protein"
			}
		},
		"side": "server",
		"file": "expandedfoods:itemtypes/food/acorns/mixing/acornbreadedfishnugget.json"
	},
	{
		"op": "addmerge",
		"path": "/0/ingredients/0/inputs/-",
		"value": {
			type: "item", code: "butchering:bloodportion", quantity: 10
		},
		"side": "server",
		"file": "expandedfoods:recipes/kneading/acorns/acornbreadedfishnugget.json"
	},
	{
		"op": "addmerge",
		"path": "/1/ingredients/0/inputs/-",
		"value": {
			type: "item", code: "butchering:bloodportion", quantity: 10
		},
		"side": "server",
		"file": "expandedfoods:recipes/kneading/acorns/acornbreadedfishnugget.json"
	}
]