[
	{
		"op": "addmerge",
		"path": "/0/ingredients/0/inputs/-",
		"value": {
			type: "item", code: "butchering:bloodportion", quantity: 10
		},
		"side": "server",
		"file": "expandedfoods:recipes/kneading/wildcraftherb/breadedvegetableherb.json"
	},
	{
		"op": "addmerge",
		"path": "/1/ingredients/0/inputs/-",
		"value": {
			type: "item", code: "butchering:bloodportion", quantity: 10
		},
		"side": "server",
		"file": "expandedfoods:recipes/kneading/wildcraftherb/breadedvegetableherb.json"
	},
	{
		"op": "addmerge",
		"path": "/2/ingredients/0/inputs/-",
		"value": {
			type: "item", code: "butchering:bloodportion", quantity: 10
		},
		"side": "server",
		"file": "expandedfoods:recipes/kneading/wildcraftherb/breadedvegetableherb.json"
	},
	{
		"op": "addmerge",
		"path": "/3/ingredients/0/inputs/-",
		"value": {
			type: "item", code: "butchering:bloodportion", quantity: 10
		},
		"side": "server",
		"file": "expandedfoods:recipes/kneading/wildcraftherb/breadedvegetableherb.json"
	},
	{
		"op": "addmerge",
		"path": "/4/ingredients/0/inputs/-",
		"value": {
			type: "item", code: "butchering:bloodportion", quantity: 10
		},
		"side": "server",
		"file": "expandedfoods:recipes/kneading/wildcraftherb/breadedvegetableherb.json"
	},
	{
		"op": "addmerge",
		"path": "/5/ingredients/0/inputs/-",
		"value": {
			type: "item", code: "butchering:bloodportion", quantity: 10
		},
		"side": "server",
		"file": "expandedfoods:recipes/kneading/wildcraftherb/breadedvegetableherb.json"
	},
	{
		"op": "addmerge",
		"path": "/6/ingredients/0/inputs/-",
		"value": {
			type: "item", code: "butchering:bloodportion", quantity: 10
		},
		"side": "server",
		"file": "expandedfoods:recipes/kneading/wildcraftherb/breadedvegetableherb.json"
	},
	{
		"op": "addmerge",
		"path": "/7/ingredients/0/inputs/-",
		"value": {
			type: "item", code: "butchering:bloodportion", quantity: 10
		},
		"side": "server",
		"file": "expandedfoods:recipes/kneading/wildcraftherb/breadedvegetableherb.json"
	},
	{
		"op": "addmerge",
		"path": "/8/ingredients/0/inputs/-",
		"value": {
			type: "item", code: "butchering:bloodportion", quantity: 10
		},
		"side": "server",
		"file": "expandedfoods:recipes/kneading/wildcraftherb/breadedvegetableherb.json"
	},
	{
		"op": "addmerge",
		"path": "/9/ingredients/0/inputs/-",
		"value": {
			type: "item", code: "butchering:bloodportion", quantity: 10
		},
		"side": "server",
		"file": "expandedfoods:recipes/kneading/wildcraftherb/breadedvegetableherb.json"
	},
	{
		"op": "addmerge",
		"path": "/10/ingredients/0/inputs/-",
		"value": {
			type: "item", code: "butchering:bloodportion", quantity: 10
		},
		"side": "server",
		"file": "expandedfoods:recipes/kneading/wildcraftherb/breadedvegetableherb.json"
	},
	{
		"op": "addmerge",
		"path": "/11/ingredients/0/inputs/-",
		"value": {
			type: "item", code: "butchering:bloodportion", quantity: 10
		},
		"side": "server",
		"file": "expandedfoods:recipes/kneading/wildcraftherb/breadedvegetableherb.json"
	},
]