[
	{
		"op": "addmerge",
		"path": "/0/ingredients/2/inputs/-",
		"value": {
			type: "item", code: "butchering:bloodportion", quantity: 10
		},
		"side": "server",
		"file": "expandedfoods:recipes/kneading/wildcraftherb/stuffedpepperherb.json"
	},
	{
		"op": "addmerge",
		"path": "/0/ingredients/2/inputs/-",
		"value": {
			type: "item", code: "butchering:bloodportion", quantity: 10
		},
		"side": "server",
		"file": "expandedfoods:recipes/kneading/wildcraftherb/stuffedpepperherb.json"
	},
	{
		"op": "addmerge",
		"path": "/1/ingredients/3/inputs/-",
		"value": {
			type: "item", code: "butchering:bloodportion", quantity: 10
		},
		"side": "server",
		"file": "expandedfoods:recipes/kneading/wildcraftherb/stuffedpepperherb.json"
	},
	{
		"op": "addmerge",
		"path": "/2/ingredients/2/inputs/-",
		"value": {
			type: "item", code: "butchering:bloodportion", quantity: 10
		},
		"side": "server",
		"file": "expandedfoods:recipes/kneading/wildcraftherb/stuffedpepperherb.json"
	},
	{
		"op": "addmerge",
		"path": "/3/ingredients/2/inputs/-",
		"value": {
			type: "item", code: "butchering:bloodportion", quantity: 10
		},
		"side": "server",
		"file": "expandedfoods:recipes/kneading/wildcraftherb/stuffedpepperherb.json"
	}
]