[
	{
		"op": "addmerge",
		"path": "/0/ingredients/1/inputs/-",
		"value": {
			type: "item", code: "butchering:bloodportion", quantity: 10
		},
		"side": "server",
		"file": "expandedfoods:recipes/kneading/ancienttools/pasta.json"
	},
	{
		"op": "addmerge",
		"path": "/1/ingredients/1/inputs/-",
		"value": {
			type: "item", code: "butchering:bloodportion", quantity: 10
		},
		"side": "server",
		"file": "expandedfoods:recipes/kneading/ancienttools/pasta.json"
	},
	{
		"op": "addmerge",
		"path": "/2/ingredients/1/inputs/-",
		"value": {
			type: "item", code: "butchering:bloodportion", quantity: 10
		},
		"side": "server",
		"file": "expandedfoods:recipes/kneading/ancienttools/pasta.json"
	}
]