[
	{
		"op": "addmerge",
		"path": "/attributes/expandedNutritionProps",
		"value": {
			"butchering:bloodportion": {
				"saturation": 20,
				"foodcategory": "Protein"
			}
		},
		"side": "server",
		"file": "expandedfoods:itemtypes/food/mixing/breadedmeatnugget.json"
	},
	{
		"op": "addmerge",
		"path": "/0/ingredients/0/inputs/-",
		"value": {
			type: "item", code: "butchering:bloodportion", quantity: 10
		},
		"side": "server",
		"file": "expandedfoods:recipes/kneading/breadedmeatnugget.json"
	},
	{
		"op": "addmerge",
		"path": "/1/ingredients/0/inputs/-",
		"value": {
			type: "item", code: "butchering:bloodportion", quantity: 10
		},
		"side": "server",
		"file": "expandedfoods:recipes/kneading/breadedmeatnugget.json"
	},
	{
		"op": "addmerge",
		"path": "/2/ingredients/0/inputs/-",
		"value": {
			type: "item", code: "butchering:bloodportion", quantity: 10
		},
		"side": "server",
		"file": "expandedfoods:recipes/kneading/breadedmeatnugget.json"
	},
	{
		"op": "addmerge",
		"path": "/3/ingredients/0/inputs/-",
		"value": {
			type: "item", code: "butchering:bloodportion", quantity: 10
		},
		"side": "server",
		"file": "expandedfoods:recipes/kneading/breadedmeatnugget.json"
	},
	{
		"op": "addmerge",
		"path": "/4/ingredients/0/inputs/-",
		"value": {
			type: "item", code: "butchering:bloodportion", quantity: 10
		},
		"side": "server",
		"file": "expandedfoods:recipes/kneading/breadedmeatnugget.json"
	},
	{
		"op": "addmerge",
		"path": "/5/ingredients/0/inputs/-",
		"value": {
			type: "item", code: "butchering:bloodportion", quantity: 10
		},
		"side": "server",
		"file": "expandedfoods:recipes/kneading/breadedmeatnugget.json"
	}
]